{
  "parent": "minecraft:item/handheld_rod",
  "textures": {
    "layer0": "minecraft:item/warped_fungus_on_a_stick"
  },
  "overrides": [
		{"predicate": {"custom_model_data":33000}, "model": "item/water_bucket"},
		{"predicate": {"custom_model_data":33001}, "model": "bucketable:bucket/frog"},
		{"predicate": {"custom_model_data":33002}, "model": "bucketable:bucket/bat"},
		{"predicate": {"custom_model_data":33003}, "model": "bucketable:bucket/cat"},
		{"predicate": {"custom_model_data":33004}, "model": "bucketable:bucket/chicken"},
		{"predicate": {"custom_model_data":33005}, "model": "bucketable:bucket/fox"},
		{"predicate": {"custom_model_data":33006}, "model": "bucketable:bucket/ocelot"},
		{"predicate": {"custom_model_data":33007}, "model": "bucketable:bucket/parrot"},
		{"predicate": {"custom_model_data":33008}, "model": "bucketable:bucket/rabbit"},
		{"predicate": {"custom_model_data":33009}, "model": "bucketable:bucket/bee"},
		{"predicate": {"custom_model_data":33010}, "model": "bucketable:bucket/wolf"},
		{"predicate": {"custom_model_data":33011}, "model": "bucketable:bucket/endermite"},
		{"predicate": {"custom_model_data":33012}, "model": "bucketable:bucket/silverfish"},
		{"predicate": {"custom_model_data":33013}, "model": "bucketable:bucket/vex"},
		{"predicate": {"custom_model_data":33014}, "model": "bucketable:bucket/cow"},
		{"predicate": {"custom_model_data":33015}, "model": "bucketable:bucket/glow_squid"},
		{"predicate": {"custom_model_data":33016}, "model": "bucketable:bucket/mooshroom"},
		{"predicate": {"custom_model_data":33017}, "model": "bucketable:bucket/pig"},
		{"predicate": {"custom_model_data":33018}, "model": "bucketable:bucket/sheep"},
		{"predicate": {"custom_model_data":33019}, "model": "bucketable:bucket/snow_golem"},
		{"predicate": {"custom_model_data":33020}, "model": "bucketable:bucket/squid"},
		{"predicate": {"custom_model_data":33021}, "model": "bucketable:bucket/turtle"},
		{"predicate": {"custom_model_data":33022}, "model": "bucketable:bucket/cave_spider"},
		{"predicate": {"custom_model_data":33023}, "model": "bucketable:bucket/dolphin"},
		{"predicate": {"custom_model_data":33024}, "model": "bucketable:bucket/goat"},
		{"predicate": {"custom_model_data":33025}, "model": "bucketable:bucket/piglin"},
		{"predicate": {"custom_model_data":33026}, "model": "bucketable:bucket/zombified_piglin"},
		{"predicate": {"custom_model_data":33027}, "model": "bucketable:bucket/blaze"},
		{"predicate": {"custom_model_data":33028}, "model": "bucketable:bucket/zombie"},
		{"predicate": {"custom_model_data":33029}, "model": "bucketable:bucket/creeper"},
		{"predicate": {"custom_model_data":33030}, "model": "bucketable:bucket/drowned"},
		{"predicate": {"custom_model_data":33031}, "model": "bucketable:bucket/evoker"},
		{"predicate": {"custom_model_data":33032}, "model": "bucketable:bucket/guardian"},
		{"predicate": {"custom_model_data":33033}, "model": "bucketable:bucket/husk"},
		{"predicate": {"custom_model_data":33034}, "model": "bucketable:bucket/magma_cube"},
		{"predicate": {"custom_model_data":33035}, "model": "bucketable:bucket/piglin_brute"},
		{"predicate": {"custom_model_data":33036}, "model": "bucketable:bucket/pillager"},
		{"predicate": {"custom_model_data":33037}, "model": "bucketable:bucket/shulker"},
		{"predicate": {"custom_model_data":33038}, "model": "bucketable:bucket/skeleton"},
		{"predicate": {"custom_model_data":33039}, "model": "bucketable:bucket/slime"},
		{"predicate": {"custom_model_data":33040}, "model": "bucketable:bucket/stray"},
		{"predicate": {"custom_model_data":33041}, "model": "bucketable:bucket/vindicator"},
		{"predicate": {"custom_model_data":33042}, "model": "bucketable:bucket/witch"},
		{"predicate": {"custom_model_data":33043}, "model": "bucketable:bucket/wither_skeleton"},
		{"predicate": {"custom_model_data":33044}, "model": "bucketable:bucket/zombie_villager"},
		{"predicate": {"custom_model_data":33045}, "model": "bucketable:bucket/enderman"},
		{"predicate": {"custom_model_data":33046}, "model": "bucketable:bucket/iron_golem"},
		{"predicate": {"custom_model_data":33047}, "model": "bucketable:bucket/panda"},
		{"predicate": {"custom_model_data":33048}, "model": "bucketable:bucket/polar_bear"},
		{"predicate": {"custom_model_data":33049}, "model": "bucketable:bucket/spider"},
		{"predicate": {"custom_model_data":33050}, "model": "bucketable:bucket/elder_guardian"},
		{"predicate": {"custom_model_data":33051}, "model": "bucketable:bucket/ghast"},
		{"predicate": {"custom_model_data":33052}, "model": "bucketable:bucket/hoglin"},
		{"predicate": {"custom_model_data":33053}, "model": "bucketable:bucket/ravager"},
		{"predicate": {"custom_model_data":33054}, "model": "bucketable:bucket/warden"},
		{"predicate": {"custom_model_data":33055}, "model": "bucketable:bucket/zoglin"},
		{"predicate": {"custom_model_data":33056}, "model": "bucketable:bucket/ender_dragon"},
		{"predicate": {"custom_model_data":33057}, "model": "bucketable:bucket/wither"},
		{"predicate": {"custom_model_data":33058}, "model": "bucketable:bucket/phantom"},
		{"predicate": {"custom_model_data":33059}, "model": "bucketable:bucket/illusioner"},
		{"predicate": {"custom_model_data":33060}, "model": "bucketable:bucket/giant"},
		{"predicate": {"custom_model_data":33061}, "model": "bucketable:bucket/villager"},
		{"predicate": {"custom_model_data":33062}, "model": "bucketable:bucket/wandering_trader"},
		{"predicate": {"custom_model_data":33063}, "model": "bucketable:bucket/llama"},
		{"predicate": {"custom_model_data":33064}, "model": "bucketable:bucket/horse"},
		{"predicate": {"custom_model_data":33065}, "model": "bucketable:bucket/mule"},
		{"predicate": {"custom_model_data":33066}, "model": "bucketable:bucket/donkey"},
		{"predicate": {"custom_model_data":33067}, "model": "bucketable:bucket/trader_llama"},
		{"predicate": {"custom_model_data":33068}, "model": "bucketable:bucket/zombie_horse"},
		{"predicate": {"custom_model_data":33069}, "model": "bucketable:bucket/skeleton_horse"},
		{"predicate": {"custom_model_data":33070}, "model": "bucketable:bucket/strider"},
		{"predicate": {"custom_model_data":33071}, "model": "bucketable:bucket/allay"},
		{"predicate": {"custom_model_data":33072}, "model": "bucketable:bucket/camel"},
		{"predicate": {"custom_model_data":33073}, "model": "bucketable:bucket/sniffer"}
    ]
}